analysis,model,predictor,MAE,R2,ci_lo,ci_hi,W,p
pooled LOSO,ridge,stage only,1.512,0.276,,,,
pooled LOSO,ridge,workload (rescaled units),1.484,0.297,,,,
pooled LOSO,ridge,workload (z within cohort),1.415,0.36,,,,
pooled LOSO,ridge,heart rate only,1.365,0.324,,,,
pooled LOSO,ridge,heart-rate dynamics,1.325,0.385,,,,
pooled LOSO,ridge,HR dyn + workload (z),0.929,0.644,,,,
pooled LOSO,ridge,HR dyn+wl(z) vs stage only,0.734,,0.514,0.962,610.0,1.0797521099448204e-08
pooled LOSO,ridge,HR dyn+wl(z) vs workload (z within cohort),0.551,,0.373,0.733,584.0,5.529436748474836e-07
pooled LOSO,random forest,stage only,1.443,0.294,,,,
pooled LOSO,random forest,workload (rescaled units),0.88,0.696,,,,
pooled LOSO,random forest,workload (z within cohort),0.878,0.699,,,,
pooled LOSO,random forest,heart rate only,1.386,0.295,,,,
pooled LOSO,random forest,heart-rate dynamics,1.301,0.417,,,,
pooled LOSO,random forest,HR dyn + workload (z),0.793,0.72,,,,
pooled LOSO,random forest,HR dyn+wl(z) vs stage only,0.878,,0.625,1.138,600.0,5.922629497945309e-08
pooled LOSO,random forest,HR dyn+wl(z) vs workload (z within cohort),0.129,,0.05,0.214,483.0,0.00252749613719061
train treadmill -> test cycling,ridge,stage only,3.206,-1.969,,,,
train cycling -> test treadmill,ridge,stage only,3.058,-0.892,,,,
train treadmill -> test cycling,ridge,workload (rescaled units),3.067,-1.732,,,,
train cycling -> test treadmill,ridge,workload (rescaled units),3.11,-0.936,,,,
train treadmill -> test cycling,ridge,workload (z within cohort),2.952,-1.515,,,,
train cycling -> test treadmill,ridge,workload (z within cohort),3.164,-0.998,,,,
train treadmill -> test cycling,ridge,heart rate only,1.303,0.036,,,,
train cycling -> test treadmill,ridge,heart rate only,1.424,0.329,,,,
train treadmill -> test cycling,ridge,heart-rate dynamics,1.518,0.12,,,,
train cycling -> test treadmill,ridge,heart-rate dynamics,1.633,0.238,,,,
train treadmill -> test cycling,ridge,HR dyn + workload (z),1.538,0.304,,,,
train cycling -> test treadmill,ridge,HR dyn + workload (z),2.441,-0.383,,,,
train treadmill -> test cycling,random forest,stage only,3.083,-1.789,,,,
train cycling -> test treadmill,random forest,stage only,3.145,-1.05,,,,
train treadmill -> test cycling,random forest,workload (rescaled units),2.928,-1.591,,,,
train cycling -> test treadmill,random forest,workload (rescaled units),2.991,-0.92,,,,
train treadmill -> test cycling,random forest,workload (z within cohort),2.609,-1.004,,,,
train cycling -> test treadmill,random forest,workload (z within cohort),2.929,-0.862,,,,
train treadmill -> test cycling,random forest,heart rate only,1.361,0.114,,,,
train cycling -> test treadmill,random forest,heart rate only,1.787,0.001,,,,
train treadmill -> test cycling,random forest,heart-rate dynamics,1.389,0.115,,,,
train cycling -> test treadmill,random forest,heart-rate dynamics,1.776,-0.007,,,,
train treadmill -> test cycling,random forest,HR dyn + workload (z),1.325,0.236,,,,
train cycling -> test treadmill,random forest,HR dyn + workload (z),2.845,-0.74,,,,
